folder,id,display_name,description,type,units,domain,labels,calculation,commonly_used,forms
Administrative,participantid,subject identifier,,identifier,,,,,TRUE,
Administrative,visit,Study Visit,,choices,,visit,,,TRUE,
Lifestyle and Behavioral Health/Physical Activity/Device-Based,hip_valid_days,The number of valid days of wear in the assessment period defined as a any day with >10hrs/day wear time from the waist-worn device,,integer,days,,,,,
Lifestyle and Behavioral Health/Physical Activity/Device-Based,hip_wear_time,The mean number of minutes of scored wear time per valid day from the waist-worn device,,numeric,minutes (min),,,,,
Lifestyle and Behavioral Health/Physical Activity/Device-Based,hip_nonwear_time,The mean number of minutes of scored non-wear time per valid day from the waist-worn device,,numeric,minutes (min),,,,,
Lifestyle and Behavioral Health/Physical Activity/Device-Based,hip_total_3d_counts,The mean of the total (sum) vertical (Y-axis) activity counts per valid day from the waist-worn device,,numeric,,,,,,
Lifestyle and Behavioral Health/Physical Activity/Device-Based,hip_total_vertical_counts,The mean of the total (sum) triaxial/vector magnitude activity counts per valid day from the waist-worn device,,numeric,,,,,,
Lifestyle and Behavioral Health/Physical Activity/Device-Based,hip_total_steps,The mean of the total steps per valid day from the waist-worn device,,numeric,,,,,,
Lifestyle and Behavioral Health/Physical Activity/Device-Based,hip_weartime_sedentary_time,The mean number of sedentary minutes per valid day defined as the number of minutes with a count value > 100 counts per minute from the waist-worn device,,numeric,minutes (min),,,,,
Lifestyle and Behavioral Health/Physical Activity/Device-Based,hip_light_time,The mean number of light intensity minutes per valid day defined as the number of minutes with a count value > 100 and < 2020 counts per minute from the waist-worn device,,numeric,minutes (min),,,,,
Lifestyle and Behavioral Health/Physical Activity/Device-Based,hip_moderate_time,The mean number of moderate intensity minutes per valid day defined as the number of minutes with a count value > 2020 and < 5999 counts per minute from the waist-worn device,,numeric,minutes (min),,,,,
Lifestyle and Behavioral Health/Physical Activity/Device-Based,hip_vigorous_time,The mean number of vigorous intensity minutes per valid day defined as the number of minutes with a count value > 5999 counts per minute from the waist-worn device,,numeric,minutes (min),,,,,
Lifestyle and Behavioral Health/Physical Activity/Device-Based,hip_avg_daily_mets,The mean metabolic equivalents of task (METs) for all valid days from the waist-worn device,,numeric,,,,,,
Lifestyle and Behavioral Health/Physical Activity/Device-Based,hip_avg_wear_time_mets,The mean metabolic equivalents of task (METs) for all valid days normalized to average wear time per valid day from the waist-worn device,,numeric,,,,,,
Lifestyle and Behavioral Health/Physical Activity/Device-Based,wrist_valid_days,The number of valid days of wear in the assessment period defined as a any day with >10hrs/day wear time from the wrist-worn device,,integer,days,,,,,
Lifestyle and Behavioral Health/Physical Activity/Device-Based,wrist_wear_time,The mean number of minutes of scored wear time per valid day from the wrist-worn device,,numeric,minutes (min),,,,,
Lifestyle and Behavioral Health/Physical Activity/Device-Based,wrist_nonwear_time,The mean number of minutes of scored non-wear time per valid day from the wrist-worn device,,numeric,minutes (min),,,,,
Lifestyle and Behavioral Health/Physical Activity/Device-Based,wrist_total_3d_counts,The mean of the total (sum) triaxial/vector magnitude activity counts per valid day from the wrist-worn device,,numeric,,,,,,
Administrative,group,Group,,choices,,group,,,,
Sociodemographics,age_at_evaluation,Age at Evaluation,,numeric,years,,,,,
Sociodemographics,birth_sex,Birth Sex,,choices,,sex,,,,
Sociodemographics,gender,Gender,,choices,,sex,,,,
Sociodemographics,race,Race,,choices,,race,,,,
Sociodemographics,ethnic_group,Ethnic Group,,choices,,ethnicity,,,,
Sociodemographics/Education,marital_status,Marital Status,,choices,,marry,,,,
Sociodemographics/Education,education,Education,,choices,,education,,,,
Sociodemographics/Education,disability_status,Disability status,,choices,,disability,,,,
Medical History,elapsed_time_since_infection,Elapsed Time since infection in months,,numeric,months,,,,,
Medical History,approximate_type_of_infection,Approximate Type of Infection,,text,,,,,,
Medical History,fukuda_criteria,Fukuda Criteria,,choices,,criteria,,,,
Medical History,canadian_criteria,Canadian Criteria,,choices,,criteria,,,,
Medical History,iom_criteria,IOM Criteria,,choices,,criteria,,,,
Anthropometry,bmi,BMI,,numeric,kilograms per meter squared (kg/m2),,,,,
Lifestyle and Behavioral Health,smoking,Smoking,,choices,,smoke,,,,
Lifestyle and Behavioral Health,mj_use,MJ use,,choices,,drug,,,,
Physiologic Measurements/Physical Exam,beighton_score,Beighton Score,hyperflexible areas,integer,,,,,,
Medical History,tender_points,Tender Points,tender points,integer,,,,,,
Medical History,lymphadenopathy,Lymphadenopathy,Swollen lymph nodes,integer,,,,,,
Sleep Questionnaires/General and Sleep Disorder Screening/Pittsburgh Sleep Quality Index (PSQI),current_bedtime,1. When have you usually gone to bed? (HH:MM),,text,,,,,,
Sleep Questionnaires/General and Sleep Disorder Screening/Pittsburgh Sleep Quality Index (PSQI),mos_take_fall_asleep,2. How long (in minutes) has it taken you to fall asleep each night?,,text,,,,,,
Sleep Questionnaires/General and Sleep Disorder Screening/Pittsburgh Sleep Quality Index (PSQI),current_wake_time,3. What time have you usually gotten up in the morning? (HH:MM),,text,,,,,,
Sleep Questionnaires/General and Sleep Disorder Screening/Pittsburgh Sleep Quality Index (PSQI),mos_sleep_hrs,4. A. How many hours of actual sleep did you get at night?,,text,,,,,,
Sleep Questionnaires/General and Sleep Disorder Screening/Pittsburgh Sleep Quality Index (PSQI),bed_hrs,B. How many hours were you in bed?,,text,,,,,,
Sleep Questionnaires/General and Sleep Disorder Screening/Pittsburgh Sleep Quality Index (PSQI),cbcl_trouble_getting_to_sleep,(a) Cannot get to sleep within 30 minutes,,choices,,how_often,,,,
Sleep Questionnaires/General and Sleep Disorder Screening/Pittsburgh Sleep Quality Index (PSQI),conners_problems_with_sleep,(b) Wake up in the middle of the night or early morning,,choices,,how_often,,,,
Sleep Questionnaires/General and Sleep Disorder Screening/Pittsburgh Sleep Quality Index (PSQI),bathroom_night,(c) Have to get up to use the bathroom,,choices,,how_often,,,,
Sleep Questionnaires/General and Sleep Disorder Screening/Pittsburgh Sleep Quality Index (PSQI),resp_brthng_night,(d) Cannot breathe comfortably,,choices,,how_often,,,,
Sleep Questionnaires/General and Sleep Disorder Screening/Pittsburgh Sleep Quality Index (PSQI),snore,(e) Cough or snore loudly,,choices,,how_often,,,,
Sleep Questionnaires/General and Sleep Disorder Screening/Pittsburgh Sleep Quality Index (PSQI),feel_cold,(f) Feel too cold,,choices,,how_often,,,,
Sleep Questionnaires/General and Sleep Disorder Screening/Pittsburgh Sleep Quality Index (PSQI),feel_hot,(g) Feel too hot,,choices,,how_often,,,,
Sleep Questionnaires/General and Sleep Disorder Screening/Pittsburgh Sleep Quality Index (PSQI),bad_dreams,(h) Had bad dreams,,choices,,how_often,,,,
Sleep Questionnaires/General and Sleep Disorder Screening/Pittsburgh Sleep Quality Index (PSQI),pain,(i) Have pain,,choices,,how_often,,,,
Sleep Questionnaires/General and Sleep Disorder Screening/Pittsburgh Sleep Quality Index (PSQI),trouble_sleep_other,(j) Other reason(s) please describe,,text,,,,,,
Sleep Questionnaires/General and Sleep Disorder Screening/Pittsburgh Sleep Quality Index (PSQI),trouble_sleep_other_spfy,5. How often during the past month have you had trouble sleeping because of the reasons described above?,,choices,,how_often,,,,
Sleep Questionnaires/General and Sleep Disorder Screening/Pittsburgh Sleep Quality Index (PSQI),rx_help_sleep,6. During the past month how often have you taken medicine (prescribed or &quot;over the counter&quot;) to help you sleep?,,choices,,how_often,,,,
Sleep Questionnaires/General and Sleep Disorder Screening/Pittsburgh Sleep Quality Index (PSQI),problem_stay_awake,7. During the past month how often have you had trouble staying awake while driving eating meals or engaging in social activity?,,choices,,how_often,,,,
Sleep Questionnaires/General and Sleep Disorder Screening/Pittsburgh Sleep Quality Index (PSQI),problem_enthusiasm,8. During the past month how much of a problem has it been for you to keep up enthusiasm to get things done?,,choices,,how_often,,,,
Sleep Questionnaires/General and Sleep Disorder Screening/Pittsburgh Sleep Quality Index (PSQI),sleep_quality,9. During the past month how would you rate your sleep quality overall?,,choices,,good_bad,,,,
Sleep Questionnaires/Sleep Disturbance or Insomnia/PROMIS Sleep Disturbance,promis_sleep_quality,1. My sleep quality was,,choices,,good_poor,,,,
Sleep Questionnaires/Sleep Disturbance or Insomnia/PROMIS Sleep Disturbance,promis_sleep_refresh,2. My sleep was refreshing,,choices,,promis_re,,,,
Sleep Questionnaires/Sleep Disturbance or Insomnia/PROMIS Sleep Disturbance,promis_prob_sleep,3. I had a problem with my sleep,,choices,,promis,,,,
Sleep Questionnaires/Sleep Disturbance or Insomnia/PROMIS Sleep Disturbance,promis_diff_fall_asleep,4. I had difficulty falling asleep,,choices,,promis,,,,
Sleep Questionnaires/Sleep Disturbance or Insomnia/PROMIS Sleep Disturbance,promis_sleep_restless,5. My sleep was restless,,choices,,promis,,,,
Sleep Questionnaires/Sleep Disturbance or Insomnia/PROMIS Sleep Disturbance,primos_sleep_try_hard,6. I tried hard to get to sleep,,choices,,promis,,,,
Sleep Questionnaires/Sleep Disturbance or Insomnia/PROMIS Sleep Disturbance,promis_fall_asleep_worry,7. I worried about not being able to fall asleep,,choices,,promis,,,,
Sleep Questionnaires/Sleep Disturbance or Insomnia/PROMIS Sleep Disturbance,promis_sleep_satisfied,8. I was satisfied with my sleep,,choices,,promis_re,,,,
Sleep Questionnaires/Sleep Disturbance or Insomnia/PROMIS Sleep Disturbance,promis_sleep_dist_score,Sleep Disturbance Score Calculation,,integer,,,,,,
Sleep Questionnaires/Sleep Disturbance or Insomnia/PROMIS Sleep Disturbance,promis_sleep_dist_tscore,Sleep Disturbance T Score Calculation,,numeric,,,,,,
Sleep Questionnaires/Hypersomnia/PROMIS Sleep Related Impairment,promis_get_things_done_sleepy,1. I had a hard time getting things done because I was sleepy...,,integer,,promis,,,,
Sleep Questionnaires/Hypersomnia/PROMIS Sleep Related Impairment,promis_felt_alert_woke_up,2. I felt alert when I woke up...,,numeric,,promis_re,,,,
Sleep Questionnaires/Hypersomnia/PROMIS Sleep Related Impairment,promis_felt_tired,3. I felt tired...,,choices,,promis,,,,
Sleep Questionnaires/Hypersomnia/PROMIS Sleep Related Impairment,promis_prob_day_poor_sleep,4. I had problems during the day because of poor sleep...,,choices,,promis,,,,
Sleep Questionnaires/Hypersomnia/PROMIS Sleep Related Impairment,promis_hard_time_concentrate_day,5. I had a hard time concentrating because of poor sleep...,,choices,,promis,,,,
Sleep Questionnaires/Hypersomnia/PROMIS Sleep Related Impairment,promis_felt_irritable_poor_sleep,6. I felt irritable because of poor sleep...,,choices,,promis,,,,
Sleep Questionnaires/Hypersomnia/PROMIS Sleep Related Impairment,promis_sleepy_daytime,7. I was sleepy during the daytime...,,choices,,promis,,,,
Sleep Questionnaires/Hypersomnia/PROMIS Sleep Related Impairment,promis_trouble_stay_awake_day,8. I had trouble staying awake during the day...,,choices,,promis,,,,
Sleep Questionnaires/Hypersomnia/PROMIS Sleep Related Impairment,promis_slp_rel_imp_score,Sleep Related Impairment Score Calculation,,integer,,,,,,
Sleep Questionnaires/Hypersomnia/PROMIS Sleep Related Impairment,promis_slp_rel_imp_tscore,Sleep Related Impairment T Score Calculation,,numeric,,,,,,